,Casino,Free_internet,Gym,Helpful_votes,Hotel_name,Hotel_stars,Member_years,Nr_hotel_reviews,Nr_reviews,Nr_rooms,Period_of_stay,Pool,Review_month,Review_weekday,Score,Spa,Tennis_court,Traveler_type,User_continent,User_country
0,YES,YES,YES,13,Circus Circus Hotel & Casino Las Vegas,3,9,4,11,3773,Dec-Feb,NO,January,Thursday,5,NO,NO,Friends,North America,USA
1,YES,YES,YES,75,Circus Circus Hotel & Casino Las Vegas,3,3,21,119,3773,Dec-Feb,NO,January,Friday,3,NO,NO,Business,North America,USA
2,YES,YES,YES,25,Circus Circus Hotel & Casino Las Vegas,3,2,9,36,3773,Mar-May,NO,February,Saturday,5,NO,NO,Families,North America,USA
3,YES,YES,YES,14,Circus Circus Hotel & Casino Las Vegas,3,6,7,14,3773,Mar-May,NO,February,Friday,4,NO,NO,Friends,Europe,UK
4,YES,YES,YES,2,Circus Circus Hotel & Casino Las Vegas,3,7,5,5,3773,Mar-May,NO,March,Tuesday,4,NO,NO,Solo,North America,Canada
5,YES,YES,YES,27,Circus Circus Hotel & Casino Las Vegas,3,2,8,31,3773,Mar-May,NO,March,Tuesday,3,NO,NO,Couples,North America,Canada
6,YES,YES,YES,46,Circus Circus Hotel & Casino Las Vegas,3,4,12,45,3773,Mar-May,NO,April,Friday,4,NO,NO,Couples,Europe,UK
7,YES,YES,YES,4,Circus Circus Hotel & Casino Las Vegas,3,1,1,2,3773,Mar-May,NO,April,Tuesday,4,NO,NO,Families,North America,USA
8,YES,YES,YES,8,Circus Circus Hotel & Casino Las Vegas,3,3,3,24,3773,Mar-May,NO,May,Saturday,4,NO,NO,Friends,Asia,India
9,YES,YES,YES,11,Circus Circus Hotel & Casino Las Vegas,3,5,7,12,3773,Mar-May,NO,May,Tuesday,3,NO,NO,Families,North America,Canada
10,YES,YES,YES,58,Circus Circus Hotel & Casino Las Vegas,3,9,24,102,3773,Jun-Aug,NO,June,Friday,2,NO,NO,Families,North America,USA
11,YES,YES,YES,24,Circus Circus Hotel & Casino Las Vegas,3,4,9,20,3773,Jun-Aug,NO,June,Saturday,3,NO,NO,Friends,Oceania,Australia
12,YES,YES,YES,9,Circus Circus Hotel & Casino Las Vegas,3,1,6,7,3773,Jun-Aug,NO,July,Wednesday,2,NO,NO,Friends,North America,USA
13,YES,YES,YES,13,Circus Circus Hotel & Casino Las Vegas,3,1,5,22,3773,Jun-Aug,NO,July,Thursday,3,NO,NO,Friends,North America,USA
14,YES,YES,YES,0,Circus Circus Hotel & Casino Las Vegas,3,1,3,3,3773,Jun-Aug,NO,August,Sunday,3,NO,NO,Friends,Europe,UK
15,YES,YES,YES,33,Circus Circus Hotel & Casino Las Vegas,3,2,17,146,3773,Jun-Aug,NO,August,Saturday,4,NO,NO,Families,Oceania,New Zeland
16,YES,YES,YES,9,Circus Circus Hotel & Casino Las Vegas,3,4,8,8,3773,Sep-Nov,NO,September,Wednesday,1,NO,NO,Families,North America,Canada
17,YES,YES,YES,1,Circus Circus Hotel & Casino Las Vegas,3,2,3,9,3773,Sep-Nov,NO,September,Saturday,4,NO,NO,Families,North America,USA
18,YES,YES,YES,19,Circus Circus Hotel & Casino Las Vegas,3,2,9,41,3773,Sep-Nov,NO,October,Tuesday,3,NO,NO,Couples,North America,Canada
19,YES,YES,YES,26,Circus Circus Hotel & Casino Las Vegas,3,10,7,8,3773,Sep-Nov,NO,October,Monday,2,NO,NO,Couples,North America,USA
20,YES,YES,YES,2,Circus Circus Hotel & Casino Las Vegas,3,7,5,10,3773,Sep-Nov,NO,November,Saturday,4,NO,NO,Couples,Europe,UK
21,YES,YES,YES,3,Circus Circus Hotel & Casino Las Vegas,3,3,3,4,3773,Sep-Nov,NO,November,Monday,1,NO,NO,Couples,Oceania,New Zeland
22,YES,YES,YES,19,Circus Circus Hotel & Casino Las Vegas,3,1,7,18,3773,Dec-Feb,NO,December,Saturday,4,NO,NO,Families,Europe,UK
23,YES,YES,YES,3,Circus Circus Hotel & Casino Las Vegas,3,5,4,4,3773,Dec-Feb,NO,December,Sunday,2,NO,NO,Couples,North America,USA
24,YES,YES,YES,15,Excalibur Hotel & Casino,3,3,11,29,3981,Dec-Feb,YES,January,Monday,4,YES,NO,Couples,Europe,Ireland
25,YES,YES,YES,52,Excalibur Hotel & Casino,3,11,42,114,3981,Dec-Feb,YES,January,Saturday,4,YES,NO,Business,North America,USA
26,YES,YES,YES,17,Excalibur Hotel & Casino,3,8,12,30,3981,Dec-Feb,YES,February,Friday,5,YES,NO,Couples,North America,Canada
27,YES,YES,YES,36,Excalibur Hotel & Casino,3,3,18,87,3981,Dec-Feb,YES,February,Thursday,3,YES,NO,Business,Europe,UK
28,YES,YES,YES,28,Excalibur Hotel & Casino,3,1,10,26,3981,Mar-May,YES,March,Wednesday,5,YES,NO,Solo,North America,USA
29,YES,YES,YES,9,Excalibur Hotel & Casino,3,8,7,8,3981,Mar-May,YES,March,Wednesday,5,YES,NO,Couples,Europe,Ireland
30,YES,YES,YES,13,Excalibur Hotel & Casino,3,7,8,11,3981,Mar-May,YES,April,Friday,5,YES,NO,Couples,North America,Canada
31,YES,YES,YES,2,Excalibur Hotel & Casino,3,1,3,4,3981,Mar-May,YES,April,Friday,3,YES,NO,Couples,Oceania,Australia
32,YES,YES,YES,7,Excalibur Hotel & Casino,3,1,8,56,3981,Mar-May,YES,May,Tuesday,3,YES,NO,Solo,North America,Canada
33,YES,YES,YES,8,Excalibur Hotel & Casino,3,4,12,13,3981,Mar-May,YES,May,Wednesday,3,YES,NO,Friends,Africa,Egypt
34,YES,YES,YES,15,Excalibur Hotel & Casino,3,1,9,58,3981,Jun-Aug,YES,June,Saturday,4,YES,NO,Couples,Oceania,Australia
35,YES,YES,YES,4,Excalibur Hotel & Casino,3,6,7,20,3981,Jun-Aug,YES,June,Saturday,3,YES,NO,Couples,Europe,Finland
36,YES,YES,YES,24,Excalibur Hotel & Casino,3,6,27,70,3981,Jun-Aug,YES,July,Friday,4,YES,NO,Friends,North America,USA
37,YES,YES,YES,7,Excalibur Hotel & Casino,3,1,3,6,3981,Jun-Aug,YES,July,Thursday,4,YES,NO,Friends,Africa,Kenya
38,YES,YES,YES,299,Excalibur Hotel & Casino,3,10,263,290,3981,Jun-Aug,YES,August,Monday,4,YES,NO,Couples,North America,USA
39,YES,YES,YES,9,Excalibur Hotel & Casino,3,2,6,24,3981,Jun-Aug,YES,August,Wednesday,2,YES,NO,Families,North America,USA
40,YES,YES,YES,21,Excalibur Hotel & Casino,3,2,8,29,3981,Sep-Nov,YES,September,Wednesday,3,YES,NO,Business,Europe,Jordan
41,YES,YES,YES,59,Excalibur Hotel & Casino,3,8,5,20,3981,Sep-Nov,YES,September,Saturday,3,YES,NO,Couples,North America,Canada
42,YES,YES,YES,3,Excalibur Hotel & Casino,3,4,3,3,3981,Sep-Nov,YES,October,Saturday,3,YES,NO,Families,Europe,Netherlands
43,YES,YES,YES,27,Excalibur Hotel & Casino,3,5,6,47,3981,Sep-Nov,YES,October,Monday,4,YES,NO,Friends,Europe,Ireland
44,YES,YES,YES,19,Excalibur Hotel & Casino,3,6,8,35,3981,Sep-Nov,YES,November,Sunday,4,YES,NO,Families,North America,USA
45,YES,YES,YES,4,Excalibur Hotel & Casino,3,1,0,6,3981,Sep-Nov,YES,November,Sunday,4,YES,NO,Friends,Europe,UK
46,YES,YES,YES,54,Excalibur Hotel & Casino,3,7,47,74,3981,Dec-Feb,YES,December,Wednesday,4,YES,NO,Couples,Europe,UK
47,YES,YES,YES,30,Excalibur Hotel & Casino,3,4,8,34,3981,Dec-Feb,YES,December,Tuesday,3,YES,NO,Solo,Asia,Syria
48,YES,NO,YES,340,Monte Carlo Resort&Casino,4,3,43,576,3003,Dec-Feb,YES,January,Monday,3,YES,NO,Couples,Europe,UK
49,YES,NO,YES,11,Monte Carlo Resort&Casino,4,5,8,20,3003,Dec-Feb,YES,January,Saturday,4,YES,NO,Solo,North America,USA
50,YES,NO,YES,132,Monte Carlo Resort&Casino,4,3,32,418,3003,Dec-Feb,YES,February,Tuesday,2,YES,NO,Couples,North America,USA
51,YES,NO,YES,22,Monte Carlo Resort&Casino,4,2,13,73,3003,Dec-Feb,YES,February,Tuesday,4,YES,NO,Couples,North America,USA
52,YES,NO,YES,32,Monte Carlo Resort&Casino,4,2,10,30,3003,Mar-May,YES,March,Wednesday,3,YES,NO,Couples,North America,Canada
53,YES,NO,YES,17,Monte Carlo Resort&Casino,4,2,15,63,3003,Mar-May,YES,March,Tuesday,4,YES,NO,Business,North America,USA
54,YES,NO,YES,13,Monte Carlo Resort&Casino,4,5,10,24,3003,Mar-May,YES,April,Wednesday,5,YES,NO,Couples,Europe,Scotland
55,YES,NO,YES,16,Monte Carlo Resort&Casino,4,5,18,54,3003,Mar-May,YES,April,Tuesday,2,YES,NO,Business,Africa,South Africa
56,YES,NO,YES,11,Monte Carlo Resort&Casino,4,2,7,20,3003,Mar-May,YES,May,Friday,4,YES,NO,Couples,Oceania,Australia
57,YES,NO,YES,24,Monte Carlo Resort&Casino,4,3,7,41,3003,Mar-May,YES,May,Monday,4,YES,NO,Couples,Europe,UK
58,YES,NO,YES,7,Monte Carlo Resort&Casino,4,9,5,7,3003,Jun-Aug,YES,June,Tuesday,4,YES,NO,Couples,Europe,Ireland
59,YES,NO,YES,15,Monte Carlo Resort&Casino,4,1,9,13,3003,Jun-Aug,YES,June,Monday,4,YES,NO,Friends,North America,Canada
60,YES,NO,YES,4,Monte Carlo Resort&Casino,4,1,5,10,3003,Jun-Aug,YES,July,Friday,4,YES,NO,Families,Europe,UK
61,YES,NO,YES,19,Monte Carlo Resort&Casino,4,7,6,9,3003,Jun-Aug,YES,July,Wednesday,3,YES,NO,Couples,Oceania,New Zeland
62,YES,NO,YES,36,Monte Carlo Resort&Casino,4,5,19,36,3003,Jun-Aug,YES,August,Thursday,2,YES,NO,Solo,Europe,Swiss
63,YES,NO,YES,19,Monte Carlo Resort&Casino,4,5,12,33,3003,Jun-Aug,YES,August,Saturday,3,YES,NO,Families,Europe,UK
64,YES,NO,YES,142,Monte Carlo Resort&Casino,4,8,126,156,3003,Sep-Nov,YES,September,Friday,3,YES,NO,Friends,Asia,United Arab Emirates
65,YES,NO,YES,16,Monte Carlo Resort&Casino,4,5,17,19,3003,Sep-Nov,YES,September,Wednesday,4,YES,NO,Couples,Europe,Ireland
66,YES,NO,YES,11,Monte Carlo Resort&Casino,4,1,17,23,3003,Sep-Nov,YES,October,Friday,3,YES,NO,Families,North America,USA
67,YES,NO,YES,3,Monte Carlo Resort&Casino,4,1,3,13,3003,Sep-Nov,YES,October,Sunday,2,YES,NO,Couples,North America,USA
68,YES,NO,YES,8,Monte Carlo Resort&Casino,4,8,5,8,3003,Sep-Nov,YES,November,Friday,4,YES,NO,Couples,Europe,Hungary
69,YES,NO,YES,2,Monte Carlo Resort&Casino,4,10,0,1,3003,Sep-Nov,YES,November,Wednesday,1,YES,NO,Business,Asia,China
70,YES,NO,YES,6,Monte Carlo Resort&Casino,4,1,18,21,3003,Dec-Feb,YES,December,Sunday,2,YES,NO,Business,Europe,Greece
71,YES,NO,YES,36,Monte Carlo Resort&Casino,4,3,14,56,3003,Dec-Feb,YES,December,Monday,5,YES,NO,Couples,North America,Mexico
72,YES,YES,YES,14,Treasure Island- TI Hotel & Casino,4,6,11,29,2884,Dec-Feb,YES,January,Sunday,3,YES,YES,Business,Europe,Croatia
73,YES,YES,YES,8,Treasure Island- TI Hotel & Casino,4,1,5,11,2884,Dec-Feb,YES,January,Thursday,4,YES,YES,Couples,Oceania,Australia
74,YES,YES,YES,167,Treasure Island- TI Hotel & Casino,4,9,12,19,2884,Dec-Feb,YES,February,Monday,4,YES,YES,Friends,North America,Canada
75,YES,YES,YES,16,Treasure Island- TI Hotel & Casino,4,10,9,17,2884,Dec-Feb,YES,February,Monday,5,YES,YES,Solo,North America,USA
76,YES,YES,YES,20,Treasure Island- TI Hotel & Casino,4,1,8,43,2884,Mar-May,YES,March,Friday,4,YES,YES,Couples,North America,USA
77,YES,YES,YES,3,Treasure Island- TI Hotel & Casino,4,2,8,12,2884,Mar-May,YES,March,Saturday,4,YES,YES,Friends,North America,Canada
78,YES,YES,YES,7,Treasure Island- TI Hotel & Casino,4,9,14,15,2884,Mar-May,YES,April,Tuesday,4,YES,YES,Friends,North America,USA
79,YES,YES,YES,16,Treasure Island- TI Hotel & Casino,4,6,13,16,2884,Mar-May,YES,April,Wednesday,3,YES,YES,Families,Oceania,Australia
80,YES,YES,YES,25,Treasure Island- TI Hotel & Casino,4,1,4,12,2884,Mar-May,YES,May,Friday,3,YES,YES,Families,Asia,India
81,YES,YES,YES,5,Treasure Island- TI Hotel & Casino,4,3,0,10,2884,Mar-May,YES,May,Sunday,4,YES,YES,Friends,Europe,Germany
82,YES,YES,YES,16,Treasure Island- TI Hotel & Casino,4,6,17,27,2884,Jun-Aug,YES,June,Thursday,3,YES,YES,Families,North America,USA
83,YES,YES,YES,5,Treasure Island- TI Hotel & Casino,4,2,5,6,2884,Jun-Aug,YES,June,Tuesday,4,YES,YES,Couples,North America,Canada
84,YES,YES,YES,14,Treasure Island- TI Hotel & Casino,4,3,20,21,2884,Jun-Aug,YES,July,Wednesday,5,YES,YES,Couples,Oceania,Australia
85,YES,YES,YES,27,Treasure Island- TI Hotel & Casino,4,5,14,43,2884,Jun-Aug,YES,July,Thursday,4,YES,YES,Solo,Asia,Malaysia
86,YES,YES,YES,37,Treasure Island- TI Hotel & Casino,4,8,31,97,2884,Jun-Aug,YES,August,Saturday,4,YES,YES,Couples,South America,Mexico
87,YES,YES,YES,4,Treasure Island- TI Hotel & Casino,4,5,3,7,2884,Jun-Aug,YES,August,Friday,4,YES,YES,Couples,Europe,UK
88,YES,YES,YES,6,Treasure Island- TI Hotel & Casino,4,10,9,11,2884,Sep-Nov,YES,September,Friday,3,YES,YES,Couples,Europe,UK
89,YES,YES,YES,30,Treasure Island- TI Hotel & Casino,4,2,11,78,2884,Sep-Nov,YES,September,Tuesday,4,YES,YES,Business,North America,USA
90,YES,YES,YES,4,Treasure Island- TI Hotel & Casino,4,5,7,12,2884,Sep-Nov,YES,October,Monday,5,YES,YES,Families,Oceania,Australia
91,YES,YES,YES,5,Treasure Island- TI Hotel & Casino,4,2,11,27,2884,Sep-Nov,YES,October,Monday,3,YES,YES,Couples,North America,USA
92,YES,YES,YES,1,Treasure Island- TI Hotel & Casino,4,7,3,4,2884,Sep-Nov,YES,November,Friday,5,YES,YES,Couples,Asia,Thailand
93,YES,YES,YES,8,Treasure Island- TI Hotel & Casino,4,2,9,27,2884,Sep-Nov,YES,November,Friday,4,YES,YES,Families,Oceania,Australia
94,YES,YES,YES,7,Treasure Island- TI Hotel & Casino,4,4,3,12,2884,Dec-Feb,YES,December,Saturday,4,YES,YES,Friends,North America,Canada
95,YES,YES,YES,48,Treasure Island- TI Hotel & Casino,4,12,16,21,2884,Dec-Feb,YES,December,Thursday,5,YES,YES,Couples,North America,Canada
96,YES,YES,YES,30,Tropicana Las Vegas - A Double Tree by Hilton Hotel,4,8,17,34,1467,Dec-Feb,YES,January,Sunday,4,YES,YES,Families,Europe,UK
97,YES,YES,YES,1,Tropicana Las Vegas - A Double Tree by Hilton Hotel,4,2,6,12,1467,Dec-Feb,YES,January,Sunday,5,YES,YES,Friends,North America,USA
98,YES,YES,YES,51,Tropicana Las Vegas - A Double Tree by Hilton Hotel,4,5,39,79,1467,Dec-Feb,YES,February,Wednesday,3,YES,YES,Couples,Asia,Phillippines
99,YES,YES,YES,16,Tropicana Las Vegas - A Double Tree by Hilton Hotel,4,2,10,18,1467,Dec-Feb,YES,February,Thursday,3,YES,YES,Business,Asia,Israel
100,YES,YES,YES,8,Tropicana Las Vegas - A Double Tree by Hilton Hotel,4,3,3,13,1467,Mar-May,YES,March,Wednesday,4,YES,YES,Business,North America,Canada
101,YES,YES,YES,9,Tropicana Las Vegas - A Double Tree by Hilton Hotel,4,1,4,14,1467,Mar-May,YES,March,Friday,4,YES,YES,Couples,Europe,UK
102,YES,YES,YES,28,Tropicana Las Vegas - A Double Tree by Hilton Hotel,4,3,9,19,1467,Mar-May,YES,April,Friday,5,YES,YES,Couples,Europe,Ireland
103,YES,YES,YES,103,Tropicana Las Vegas - A Double Tree by Hilton Hotel,4,3,15,88,1467,Mar-May,YES,April,Monday,4,YES,YES,Business,Asia,India 
104,YES,YES,YES,0,Tropicana Las Vegas - A Double Tree by Hilton Hotel,4,1,4,8,1467,Mar-May,YES,May,Tuesday,4,YES,YES,Couples,Oceania,New Zeland
105,YES,YES,YES,31,Tropicana Las Vegas - A Double Tree by Hilton Hotel,4,1,15,39,1467,Mar-May,YES,May,Sunday,3,YES,YES,Friends,Europe,Belgium
106,YES,YES,YES,61,Tropicana Las Vegas - A Double Tree by Hilton Hotel,4,3,41,130,1467,Jun-Aug,YES,June,Tuesday,4,YES,YES,Business,Europe,UK
107,YES,YES,YES,105,Tropicana Las Vegas - A Double Tree by Hilton Hotel,4,7,78,79,1467,Jun-Aug,YES,June,Wednesday,4,YES,YES,Friends,Oceania,Australia
108,YES,YES,YES,16,Tropicana Las Vegas - A Double Tree by Hilton Hotel,4,10,10,13,1467,Jun-Aug,YES,July,Wednesday,4,YES,YES,Solo,Europe,UK
109,YES,YES,YES,17,Tropicana Las Vegas - A Double Tree by Hilton Hotel,4,1,6,18,1467,Jun-Aug,YES,July,Monday,4,YES,YES,Couples,Europe,UK
110,YES,YES,YES,3,Tropicana Las Vegas - A Double Tree by Hilton Hotel,4,1,7,8,1467,Jun-Aug,YES,August,Saturday,5,YES,YES,Friends,Oceania,New Zeland
111,YES,YES,YES,6,Tropicana Las Vegas - A Double Tree by Hilton Hotel,4,10,4,15,1467,Jun-Aug,YES,August,Friday,5,YES,YES,Couples,Oceania,Australia
112,YES,YES,YES,9,Tropicana Las Vegas - A Double Tree by Hilton Hotel,4,1,0,27,1467,Sep-Nov,YES,September,Tuesday,1,YES,YES,Couples,North America,Canada
113,YES,YES,YES,2,Tropicana Las Vegas - A Double Tree by Hilton Hotel,4,5,3,5,1467,Sep-Nov,YES,September,Wednesday,5,YES,YES,Couples,Oceania,Australia
114,YES,YES,YES,6,Tropicana Las Vegas - A Double Tree by Hilton Hotel,4,1,6,22,1467,Sep-Nov,YES,October,Tuesday,5,YES,YES,Friends,Europe,UK
115,YES,YES,YES,11,Tropicana Las Vegas - A Double Tree by Hilton Hotel,4,1,3,5,1467,Sep-Nov,YES,October,Thursday,2,YES,YES,Friends,North America,USA
116,YES,YES,YES,11,Tropicana Las Vegas - A Double Tree by Hilton Hotel,4,1,8,31,1467,Sep-Nov,YES,November,Sunday,4,YES,YES,Solo,Asia,India
117,YES,YES,YES,8,Tropicana Las Vegas - A Double Tree by Hilton Hotel,4,7,8,33,1467,Sep-Nov,YES,November,Saturday,5,YES,YES,Friends,Europe,Netherlands
118,YES,YES,YES,11,Tropicana Las Vegas - A Double Tree by Hilton Hotel,4,4,6,10,1467,Dec-Feb,YES,December,Saturday,5,YES,YES,Couples,Europe,UK
119,YES,YES,YES,3,Tropicana Las Vegas - A Double Tree by Hilton Hotel,4,4,3,12,1467,Dec-Feb,YES,December,Thursday,5,YES,YES,Families,Europe,UK
120,YES,YES,YES,24,Caesars Palace,5,7,14,50,3348,Dec-Feb,YES,January,Wednesday,5,YES,NO,Friends,North America,USA
121,YES,YES,YES,85,Caesars Palace,5,3,33,161,3348,Dec-Feb,YES,January,Friday,4,YES,NO,Couples,North America,USA
122,YES,YES,YES,81,Caesars Palace,5,10,38,153,3348,Dec-Feb,YES,February,Tuesday,5,YES,NO,Families,North America,Puerto Rico
123,YES,YES,YES,12,Caesars Palace,5,2,3,14,3348,Dec-Feb,YES,February,Thursday,5,YES,NO,Families,North America,Canada
124,YES,YES,YES,10,Caesars Palace,5,4,12,31,3348,Mar-May,YES,March,Friday,5,YES,NO,Families,North America,USA
125,YES,YES,YES,29,Caesars Palace,5,9,10,15,3348,Mar-May,YES,March,Friday,3,YES,NO,Families,North America,USA
126,YES,YES,YES,4,Caesars Palace,5,3,5,5,3348,Mar-May,YES,April,Thursday,5,YES,NO,Couples,North America,Canada
127,YES,YES,YES,21,Caesars Palace,5,2,4,46,3348,Mar-May,YES,April,Saturday,4,YES,NO,Couples,North America,USA
128,YES,YES,YES,39,Caesars Palace,5,4,6,15,3348,Mar-May,YES,May,Sunday,1,YES,NO,Couples,Europe,UK
129,YES,YES,YES,35,Caesars Palace,5,5,27,63,3348,Mar-May,YES,May,Wednesday,4,YES,NO,Couples,Europe,UK
130,YES,YES,YES,13,Caesars Palace,5,2,15,17,3348,Jun-Aug,YES,June,Sunday,4,YES,NO,Couples,North America,USA
131,YES,YES,YES,36,Caesars Palace,5,9,22,25,3348,Jun-Aug,YES,June,Tuesday,1,YES,NO,Solo,North America,USA
132,YES,YES,YES,4,Caesars Palace,5,1,8,14,3348,Jun-Aug,YES,July,Monday,5,YES,NO,Couples,North America,USA
133,YES,YES,YES,37,Caesars Palace,5,6,56,59,3348,Jun-Aug,YES,July,Tuesday,3,YES,NO,Families,Europe,UK
134,YES,YES,YES,17,Caesars Palace,5,3,10,11,3348,Jun-Aug,YES,August,Friday,5,YES,NO,Families,Europe,UK
135,YES,YES,YES,31,Caesars Palace,5,5,18,54,3348,Jun-Aug,YES,August,Wednesday,4,YES,NO,Friends,North America,Canada
136,YES,YES,YES,4,Caesars Palace,5,3,3,4,3348,Sep-Nov,YES,September,Monday,5,YES,NO,Couples,North America,USA
137,YES,YES,YES,7,Caesars Palace,5,3,7,10,3348,Sep-Nov,YES,September,Tuesday,5,YES,NO,Couples,North America,USA
138,YES,YES,YES,7,Caesars Palace,5,11,6,14,3348,Sep-Nov,YES,October,Sunday,5,YES,NO,Business,North America,USA
139,YES,YES,YES,16,Caesars Palace,5,2,12,39,3348,Sep-Nov,YES,October,Thursday,5,YES,NO,Friends,North America,USA
140,YES,YES,YES,43,Caesars Palace,5,4,24,35,3348,Sep-Nov,YES,November,Sunday,5,YES,NO,Couples,Oceania,Australia
141,YES,YES,YES,9,Caesars Palace,5,1,6,6,3348,Sep-Nov,YES,November,Sunday,3,YES,NO,Families,Oceania,Australia
142,YES,YES,YES,2,Caesars Palace,5,3,7,23,3348,Dec-Feb,YES,December,Friday,4,YES,NO,Families,North America,USA
143,YES,YES,YES,67,Caesars Palace,5,13,21,48,3348,Dec-Feb,YES,December,Sunday,4,YES,NO,Couples,North America,USA
144,YES,YES,YES,14,The Cosmopolitan Las Vegas,5,3,9,16,2959,Dec-Feb,YES,January,Thursday,4,YES,NO,Friends,Oceania,Australia
145,YES,YES,YES,3,The Cosmopolitan Las Vegas,5,1,6,12,2959,Dec-Feb,YES,January,Thursday,5,YES,NO,Friends,Oceania,Australia
146,YES,YES,YES,15,The Cosmopolitan Las Vegas,5,2,9,36,2959,Dec-Feb,YES,February,Saturday,4,YES,NO,Friends,Europe,Switzerland
147,YES,YES,YES,80,The Cosmopolitan Las Vegas,5,8,40,127,2959,Dec-Feb,YES,February,Wednesday,5,YES,NO,Couples,Europe,UK
148,YES,YES,YES,1,The Cosmopolitan Las Vegas,5,1,5,12,2959,Mar-May,YES,March,Monday,5,YES,NO,Couples,North America,USA
149,YES,YES,YES,74,The Cosmopolitan Las Vegas,5,10,17,17,2959,Mar-May,YES,March,Saturday,5,YES,NO,Couples,North America,USA
150,YES,YES,YES,21,The Cosmopolitan Las Vegas,5,7,7,23,2959,Mar-May,YES,April,Thursday,4,YES,NO,Friends,Europe,Ireland
151,YES,YES,YES,45,The Cosmopolitan Las Vegas,5,2,17,102,2959,Mar-May,YES,April,Monday,5,YES,NO,Business,North America,USA
152,YES,YES,YES,55,The Cosmopolitan Las Vegas,5,8,15,113,2959,Mar-May,YES,May,Thursday,5,YES,NO,Families,Europe,Germany
153,YES,YES,YES,10,The Cosmopolitan Las Vegas,5,1,8,30,2959,Mar-May,YES,May,Wednesday,2,YES,NO,Business,North America,USA
154,YES,YES,YES,24,The Cosmopolitan Las Vegas,5,7,24,24,2959,Jun-Aug,YES,June,Wednesday,2,YES,NO,Couples,Europe,Germany
155,YES,YES,YES,18,The Cosmopolitan Las Vegas,5,3,5,15,2959,Jun-Aug,YES,June,Wednesday,5,YES,NO,Friends,Europe,Ireland
156,YES,YES,YES,14,The Cosmopolitan Las Vegas,5,1,4,6,2959,Jun-Aug,YES,July,Wednesday,1,YES,NO,Business,North America,USA
157,YES,YES,YES,0,The Cosmopolitan Las Vegas,5,7,3,3,2959,Jun-Aug,YES,July,Tuesday,4,YES,NO,Friends,Oceania,Australia
158,YES,YES,YES,56,The Cosmopolitan Las Vegas,5,4,10,41,2959,Jun-Aug,YES,August,Saturday,5,YES,NO,Families,North America,Canada
159,YES,YES,YES,56,The Cosmopolitan Las Vegas,5,10,8,19,2959,Jun-Aug,YES,August,Sunday,4,YES,NO,Couples,North America,USA
160,YES,YES,YES,10,The Cosmopolitan Las Vegas,5,1,9,18,2959,Sep-Nov,YES,September,Wednesday,5,YES,NO,Couples,Europe,UK
161,YES,YES,YES,7,The Cosmopolitan Las Vegas,5,7,6,6,2959,Sep-Nov,YES,September,Tuesday,5,YES,NO,Couples,Europe,Norway
162,YES,YES,YES,98,The Cosmopolitan Las Vegas,5,7,5,103,2959,Sep-Nov,YES,October,Monday,5,YES,NO,Couples,North America,USA
163,YES,YES,YES,16,The Cosmopolitan Las Vegas,5,1,4,18,2959,Sep-Nov,YES,October,Friday,5,YES,NO,Friends,Europe,UK
164,YES,YES,YES,7,The Cosmopolitan Las Vegas,5,5,7,9,2959,Sep-Nov,YES,November,Wednesday,5,YES,NO,Business,Africa,Egypt
165,YES,YES,YES,45,The Cosmopolitan Las Vegas,5,1,19,50,2959,Sep-Nov,YES,November,Friday,5,YES,NO,Business,North America,USA
166,YES,YES,YES,8,The Cosmopolitan Las Vegas,5,8,3,4,2959,Dec-Feb,YES,December,Tuesday,2,YES,NO,Couples,North America,Canada
167,YES,YES,YES,8,The Cosmopolitan Las Vegas,5,5,3,7,2959,Dec-Feb,YES,December,Sunday,5,YES,NO,Families,North America,USA
168,YES,YES,YES,31,The Palazzo Resort Hotel Casino,5,4,23,28,3025,Dec-Feb,YES,January,Friday,3,YES,NO,Couples,North America,Mexico
169,YES,YES,YES,11,The Palazzo Resort Hotel Casino,5,10,6,32,3025,Dec-Feb,YES,January,Friday,5,YES,NO,Families,North America,USA
170,YES,YES,YES,4,The Palazzo Resort Hotel Casino,5,9,0,4,3025,Dec-Feb,YES,February,Friday,5,YES,NO,Couples,North America,Canada
171,YES,YES,YES,9,The Palazzo Resort Hotel Casino,5,3,8,37,3025,Dec-Feb,YES,February,Tuesday,4,YES,NO,Couples,North America,USA
172,YES,YES,YES,7,The Palazzo Resort Hotel Casino,5,6,3,10,3025,Mar-May,YES,March,Wednesday,5,YES,NO,Families,North America,Canada
173,YES,YES,YES,80,The Palazzo Resort Hotel Casino,5,8,30,36,3025,Mar-May,YES,March,Friday,5,YES,NO,Families,North America,Canada
174,YES,YES,YES,14,The Palazzo Resort Hotel Casino,5,5,10,31,3025,Mar-May,YES,April,Sunday,4,YES,NO,Couples,North America,USA
175,YES,YES,YES,60,The Palazzo Resort Hotel Casino,5,10,33,66,3025,Mar-May,YES,April,Saturday,5,YES,NO,Couples,North America,Canada
176,YES,YES,YES,8,The Palazzo Resort Hotel Casino,5,1,4,17,3025,Mar-May,YES,May,Saturday,5,YES,NO,Couples,Europe,France
177,YES,YES,YES,71,The Palazzo Resort Hotel Casino,5,10,20,57,3025,Mar-May,YES,May,Friday,5,YES,NO,Business,Europe,UK
178,YES,YES,YES,22,The Palazzo Resort Hotel Casino,5,6,8,42,3025,Jun-Aug,YES,June,Monday,4,YES,NO,Friends,North America,USA
179,YES,YES,YES,14,The Palazzo Resort Hotel Casino,5,8,20,28,3025,Jun-Aug,YES,June,Friday,3,YES,NO,Couples,North America,USA
180,YES,YES,YES,10,The Palazzo Resort Hotel Casino,5,3,8,19,3025,Jun-Aug,YES,July,Wednesday,4,YES,NO,Friends,Europe,Spain
181,YES,YES,YES,21,The Palazzo Resort Hotel Casino,5,9,11,20,3025,Jun-Aug,YES,July,Friday,5,YES,NO,Families,North America,USA
182,YES,YES,YES,93,The Palazzo Resort Hotel Casino,5,8,19,75,3025,Jun-Aug,YES,August,Sunday,4,YES,NO,Friends,Europe,UK
183,YES,YES,YES,26,The Palazzo Resort Hotel Casino,5,3,16,91,3025,Jun-Aug,YES,August,Wednesday,4,YES,NO,Business,North America,USA
184,YES,YES,YES,78,The Palazzo Resort Hotel Casino,5,8,48,52,3025,Sep-Nov,YES,September,Saturday,3,YES,NO,Friends,Europe,UK
185,YES,YES,YES,8,The Palazzo Resort Hotel Casino,5,2,4,93,3025,Sep-Nov,YES,September,Saturday,5,YES,NO,Families,North America,USA
186,YES,YES,YES,15,The Palazzo Resort Hotel Casino,5,1,3,9,3025,Sep-Nov,YES,October,Wednesday,5,YES,NO,Families,North America,Canada
187,YES,YES,YES,9,The Palazzo Resort Hotel Casino,5,2,3,5,3025,Sep-Nov,YES,October,Thursday,5,YES,NO,Couples,Oceania,Australia
188,YES,YES,YES,10,The Palazzo Resort Hotel Casino,5,1,7,37,3025,Sep-Nov,YES,November,Sunday,5,YES,NO,Friends,Asia,Singapore
189,YES,YES,YES,35,The Palazzo Resort Hotel Casino,5,7,25,31,3025,Sep-Nov,YES,November,Sunday,3,YES,NO,Families,South America,Brazil
190,YES,YES,YES,4,The Palazzo Resort Hotel Casino,5,7,4,6,3025,Dec-Feb,YES,December,Thursday,5,YES,NO,Couples,North America,USA
191,YES,YES,YES,113,The Palazzo Resort Hotel Casino,5,8,55,252,3025,Dec-Feb,YES,December,Monday,4,YES,NO,Families,North America,USA
192,YES,YES,YES,82,Wynn Las Vegas,5,4,48,164,2700,Dec-Feb,YES,January,Saturday,5,YES,YES,Couples,North America,USA
193,YES,YES,YES,9,Wynn Las Vegas,5,4,3,5,2700,Dec-Feb,YES,January,Tuesday,5,YES,YES,Families,North America,USA
194,YES,YES,YES,20,Wynn Las Vegas,5,3,5,7,2700,Dec-Feb,YES,February,Saturday,4,YES,YES,Couples,North America,Canada
195,YES,YES,YES,15,Wynn Las Vegas,5,7,11,18,2700,Dec-Feb,YES,February,Tuesday,5,YES,YES,Couples,North America,USA
196,YES,YES,YES,16,Wynn Las Vegas,5,6,13,20,2700,Mar-May,YES,March,Friday,5,YES,YES,Friends,North America,USA
197,YES,YES,YES,12,Wynn Las Vegas,5,8,5,21,2700,Mar-May,YES,March,Monday,4,YES,YES,Business,North America,USA
198,YES,YES,YES,48,Wynn Las Vegas,5,4,35,125,2700,Mar-May,YES,April,Sunday,5,YES,YES,Business,North America,USA
199,YES,YES,YES,10,Wynn Las Vegas,5,1,7,11,2700,Mar-May,YES,April,Monday,4,YES,YES,Couples,North America,USA
200,YES,YES,YES,16,Wynn Las Vegas,5,7,10,16,2700,Mar-May,YES,May,Monday,3,YES,YES,Solo,Asia,Singapore
201,YES,YES,YES,5,Wynn Las Vegas,5,3,5,19,2700,Mar-May,YES,May,Monday,5,YES,YES,Couples,Europe,UK
202,YES,YES,YES,365,Wynn Las Vegas,5,6,27,73,2700,Jun-Aug,YES,June,Wednesday,5,YES,YES,Couples,North America,USA
203,YES,YES,YES,4,Wynn Las Vegas,5,11,4,5,2700,Jun-Aug,YES,June,Wednesday,5,YES,YES,Couples,North America,USA
204,YES,YES,YES,17,Wynn Las Vegas,5,3,10,30,2700,Jun-Aug,YES,July,Monday,5,YES,YES,Couples,North America,USA
205,YES,YES,YES,10,Wynn Las Vegas,5,3,4,7,2700,Jun-Aug,YES,July,Sunday,5,YES,YES,Couples,North America,Canada
206,YES,YES,YES,99,Wynn Las Vegas,5,6,46,67,2700,Jun-Aug,YES,August,Sunday,5,YES,YES,Couples,North America,Canada
207,YES,YES,YES,25,Wynn Las Vegas,5,9,13,18,2700,Jun-Aug,YES,August,Saturday,5,YES,YES,Solo,Europe,Finland
208,YES,YES,YES,11,Wynn Las Vegas,5,4,7,12,2700,Sep-Nov,YES,September,Monday,2,YES,YES,Business,North America,Canada
209,YES,YES,YES,26,Wynn Las Vegas,5,7,12,40,2700,Sep-Nov,YES,September,Saturday,5,YES,YES,Friends,North America,Canada
210,YES,YES,YES,31,Wynn Las Vegas,5,3,17,142,2700,Sep-Nov,YES,October,Monday,4,YES,YES,Couples,North America,USA
211,YES,YES,YES,16,Wynn Las Vegas,5,7,4,8,2700,Sep-Nov,YES,October,Saturday,5,YES,YES,Couples,Europe,UK
212,YES,YES,YES,3,Wynn Las Vegas,5,2,9,15,2700,Sep-Nov,YES,November,Monday,5,YES,YES,Business,North America,Costa Rica
213,YES,YES,YES,14,Wynn Las Vegas,5,8,18,2,2700,Sep-Nov,YES,November,Wednesday,5,YES,YES,Couples,Europe,UK
214,YES,YES,YES,10,Wynn Las Vegas,5,5,6,10,2700,Dec-Feb,YES,December,Tuesday,5,YES,YES,Couples,Europe,UK
215,YES,YES,YES,55,Wynn Las Vegas,5,9,13,16,2700,Dec-Feb,YES,December,Tuesday,5,YES,YES,Couples,North America,USA
216,YES,YES,YES,13,Trump International Hotel Las Vegas,5,10,7,21,1282,Dec-Feb,YES,January,Tuesday,5,YES,NO,Solo,Europe,UK
217,YES,YES,YES,41,Trump International Hotel Las Vegas,5,5,58,69,1282,Dec-Feb,YES,January,Saturday,5,YES,NO,Business,Asia,India
218,YES,YES,YES,8,Trump International Hotel Las Vegas,5,5,13,33,1282,Dec-Feb,YES,February,Wednesday,5,YES,NO,Business,North America,USA
219,YES,YES,YES,2,Trump International Hotel Las Vegas,5,10,0,1,1282,Dec-Feb,YES,February,Tuesday,5,YES,NO,Families,North America,USA
220,YES,YES,YES,23,Trump International Hotel Las Vegas,5,5,8,49,1282,Mar-May,YES,March,Monday,5,YES,NO,Couples,North America,USA
221,YES,YES,YES,255,Trump International Hotel Las Vegas,5,2,52,775,1282,Mar-May,YES,March,Wednesday,3,YES,NO,Couples,North America,USA
222,YES,YES,YES,6,Trump International Hotel Las Vegas,5,7,7,16,1282,Mar-May,YES,April,Monday,4,YES,NO,Couples,Asia,United Arab Emirates
223,YES,YES,YES,1,Trump International Hotel Las Vegas,5,10,0,1,1282,Mar-May,YES,April,Wednesday,5,YES,NO,Couples,North America,USA
224,YES,YES,YES,17,Trump International Hotel Las Vegas,5,7,11,19,1282,Mar-May,YES,May,Friday,4,YES,NO,Families,Asia,Singapore
225,YES,YES,YES,8,Trump International Hotel Las Vegas,5,7,4,7,1282,Mar-May,YES,May,Sunday,5,YES,NO,Families,South America,Brazil
226,YES,YES,YES,16,Trump International Hotel Las Vegas,5,8,18,38,1282,Jun-Aug,YES,June,Sunday,5,YES,NO,Couples,North America,USA
227,YES,YES,YES,30,Trump International Hotel Las Vegas,5,9,14,48,1282,Jun-Aug,YES,June,Wednesday,5,YES,NO,Business,North America,USA
228,YES,YES,YES,55,Trump International Hotel Las Vegas,5,3,20,136,1282,Jun-Aug,YES,July,Sunday,5,YES,NO,Families,North America,Canada
229,YES,YES,YES,1,Trump International Hotel Las Vegas,5,6,8,26,1282,Jun-Aug,YES,July,Monday,4,YES,NO,Families,North America,USA
230,YES,YES,YES,2,Trump International Hotel Las Vegas,5,4,3,3,1282,Jun-Aug,YES,August,Sunday,4,YES,NO,Couples,Asia,Iran
231,YES,YES,YES,24,Trump International Hotel Las Vegas,5,5,17,78,1282,Jun-Aug,YES,August,Monday,5,YES,NO,Couples,North America,USA
232,YES,YES,YES,12,Trump International Hotel Las Vegas,5,10,18,24,1282,Sep-Nov,YES,September,Thursday,5,YES,NO,Families,Europe,UK
233,YES,YES,YES,15,Trump International Hotel Las Vegas,5,1,0,2,1282,Sep-Nov,YES,September,Monday,1,YES,NO,Families,Africa,Egypt
234,YES,YES,YES,3,Trump International Hotel Las Vegas,5,11,3,4,1282,Sep-Nov,YES,October,Thursday,5,YES,NO,Friends,Europe,Ireland
235,YES,YES,YES,17,Trump International Hotel Las Vegas,5,2,7,11,1282,Sep-Nov,YES,October,Saturday,5,YES,NO,Couples,Oceania,Australia
236,YES,YES,YES,1,Trump International Hotel Las Vegas,5,10,0,1,1282,Sep-Nov,YES,November,Wednesday,2,YES,NO,Couples,Europe,Germany
237,YES,YES,YES,17,Trump International Hotel Las Vegas,5,2,16,35,1282,Sep-Nov,YES,November,Tuesday,4,YES,NO,Families,Oceania,Australia
238,YES,YES,YES,76,Trump International Hotel Las Vegas,5,2,19,110,1282,Dec-Feb,YES,December,Tuesday,4,YES,NO,Business,North America,USA
239,YES,YES,YES,24,Trump International Hotel Las Vegas,5,3,25,53,1282,Dec-Feb,YES,December,Sunday,5,YES,NO,Couples,North America,USA
240,YES,YES,NO,102,The Cromwell,4,1,45,320,188,Dec-Feb,YES,January,Sunday,3,NO,NO,Business,Asia,Saudi Arabia
241,YES,YES,NO,2,The Cromwell,4,10,0,2,188,Dec-Feb,YES,January,Sunday,4,NO,NO,Business,North America,USA
242,YES,YES,NO,12,The Cromwell,4,1,6,26,188,Dec-Feb,YES,January,Sunday,5,NO,NO,Families,North America,USA
243,YES,YES,NO,0,The Cromwell,4,10,4,4,188,Dec-Feb,YES,January,Sunday,5,NO,NO,Couples,North America,USA
244,YES,YES,NO,6,The Cromwell,4,1,9,9,188,Mar-May,YES,April,Sunday,2,NO,NO,Solo,North America,USA
245,YES,YES,NO,70,The Cromwell,4,10,14,17,188,Mar-May,YES,April,Sunday,5,NO,NO,Friends,North America,USA
246,YES,YES,NO,1,The Cromwell,4,1,0,3,188,Mar-May,YES,April,Sunday,5,NO,NO,Couples,North America,Canada
247,YES,YES,NO,4,The Cromwell,4,10,0,14,188,Mar-May,YES,April,Sunday,2,NO,NO,Families,North America,Canada
248,YES,YES,NO,267,The Cromwell,4,10,111,235,188,Mar-May,YES,April,Sunday,5,NO,NO,Friends,North America,USA
249,YES,YES,NO,21,The Cromwell,4,1,9,59,188,Mar-May,YES,April,Sunday,5,NO,NO,Couples,North America,USA
250,YES,YES,NO,2,The Cromwell,4,10,0,2,188,Jun-Aug,YES,July,Sunday,5,NO,NO,Friends,North America,USA
251,YES,YES,NO,1,The Cromwell,4,10,0,2,188,Jun-Aug,YES,July,Sunday,5,NO,NO,Couples,North America,USA
252,YES,YES,NO,53,The Cromwell,4,10,18,21,188,Jun-Aug,YES,July,Sunday,5,NO,NO,Couples,North America,USA
253,YES,YES,NO,16,The Cromwell,4,1,0,4,188,Jun-Aug,YES,July,Sunday,1,NO,NO,Friends,North America,USA
254,YES,YES,NO,70,The Cromwell,4,10,52,184,188,Jun-Aug,YES,July,Sunday,5,NO,NO,Couples,Europe,Netherlands
255,YES,YES,NO,150,The Cromwell,4,1,75,262,188,Jun-Aug,YES,July,Sunday,4,NO,NO,Families,Europe,UK
256,YES,YES,NO,17,The Cromwell,4,1,11,69,188,Sep-Nov,YES,October,Sunday,5,NO,NO,Couples,North America,USA
257,YES,YES,NO,27,The Cromwell,4,10,12,92,188,Sep-Nov,YES,October,Sunday,4,NO,NO,Business,Oceania,Australia
258,YES,YES,NO,116,The Cromwell,4,10,61,131,188,Sep-Nov,YES,October,Sunday,3,NO,NO,Families,North America,USA
259,YES,YES,NO,16,The Cromwell,4,10,10,25,188,Sep-Nov,YES,October,Sunday,5,NO,NO,Friends,Europe,Norway
260,YES,YES,NO,53,The Cromwell,4,10,22,49,188,Sep-Nov,YES,October,Sunday,3,NO,NO,Couples,North America,Canada
261,YES,YES,NO,55,The Cromwell,4,10,33,148,188,Sep-Nov,YES,October,Sunday,4,NO,NO,Business,North America,USA
262,YES,YES,NO,22,The Cromwell,4,1,7,26,188,Dec-Feb,YES,January,Sunday,4,NO,NO,Couples,North America,Canada
263,YES,YES,NO,1,The Cromwell,4,1,4,13,188,Dec-Feb,YES,January,Sunday,4,NO,NO,Couples,North America,USA
264,YES,YES,YES,20,Encore at wynn Las Vegas,5,5,3,3,2034,Dec-Feb,YES,January,Tuesday,1,YES,NO,Business,Asia,Thailand
265,YES,YES,YES,87,Encore at wynn Las Vegas,5,3,12,46,2034,Dec-Feb,YES,January,Tuesday,5,YES,NO,Couples,North America,USA
266,YES,YES,YES,81,Encore at wynn Las Vegas,5,8,40,127,2034,Dec-Feb,YES,February,Thursday,4,YES,NO,Couples,Europe,UK
267,YES,YES,YES,12,Encore at wynn Las Vegas,5,4,5,15,2034,Dec-Feb,YES,February,Sunday,5,YES,NO,Business,North America,USA
268,YES,YES,YES,23,Encore at wynn Las Vegas,5,7,14,16,2034,Mar-May,YES,March,Friday,5,YES,NO,Couples,North America,USA
269,YES,YES,YES,27,Encore at wynn Las Vegas,5,1,38,113,2034,Mar-May,YES,March,Tuesday,4,YES,NO,Friends,North America,USA
270,YES,YES,YES,5,Encore at wynn Las Vegas,5,7,5,7,2034,Mar-May,YES,April,Monday,3,YES,NO,Families,Europe,UK
271,YES,YES,YES,99,Encore at wynn Las Vegas,5,10,32,73,2034,Mar-May,YES,April,Thursday,4,YES,NO,Friends,South America,Honduras
272,YES,YES,YES,3,Encore at wynn Las Vegas,5,2,12,35,2034,Mar-May,YES,May,Friday,5,YES,NO,Business,North America,USA
273,YES,YES,YES,86,Encore at wynn Las Vegas,5,5,20,139,2034,Mar-May,YES,May,Monday,5,YES,NO,Friends,Europe,UK
274,YES,YES,YES,30,Encore at wynn Las Vegas,5,2,12,28,2034,Jun-Aug,YES,June,Saturday,5,YES,NO,Couples,Europe,UK
275,YES,YES,YES,26,Encore at wynn Las Vegas,5,4,8,34,2034,Jun-Aug,YES,June,Tuesday,4,YES,NO,Business,North America,USA
276,YES,YES,YES,5,Encore at wynn Las Vegas,5,3,3,4,2034,Jun-Aug,YES,July,Thursday,5,YES,NO,Friends,North America,USA
277,YES,YES,YES,14,Encore at wynn Las Vegas,5,3,11,32,2034,Jun-Aug,YES,July,Sunday,5,YES,NO,Families,North America,USA
278,YES,YES,YES,4,Encore at wynn Las Vegas,5,1,3,9,2034,Jun-Aug,YES,August,Thursday,5,YES,NO,Families,Europe,UK
279,YES,YES,YES,200,Encore at wynn Las Vegas,5,4,58,333,2034,Jun-Aug,YES,August,Sunday,5,YES,NO,Families,North America,USA
280,YES,YES,YES,15,Encore at wynn Las Vegas,5,6,11,29,2034,Sep-Nov,YES,September,Monday,5,YES,NO,Couples,North America,USA
281,YES,YES,YES,68,Encore at wynn Las Vegas,5,5,43,85,2034,Sep-Nov,YES,September,Wednesday,5,YES,NO,Friends,Europe,UK
282,YES,YES,YES,1,Encore at wynn Las Vegas,5,5,5,12,2034,Sep-Nov,YES,October,Friday,5,YES,NO,Couples,North America,USA
283,YES,YES,YES,7,Encore at wynn Las Vegas,5,4,10,34,2034,Sep-Nov,YES,October,Thursday,4,YES,NO,Business,Europe,UK
284,YES,YES,YES,8,Encore at wynn Las Vegas,5,5,7,13,2034,Sep-Nov,YES,November,Sunday,5,YES,NO,Couples,Asia,India
285,YES,YES,YES,14,Encore at wynn Las Vegas,5,5,5,5,2034,Sep-Nov,YES,November,Sunday,5,YES,NO,Couples,North America,USA
286,YES,YES,YES,41,Encore at wynn Las Vegas,5,8,25,169,2034,Dec-Feb,YES,December,Tuesday,5,YES,NO,Friends,North America,USA
287,YES,YES,YES,6,Encore at wynn Las Vegas,5,7,10,11,2034,Dec-Feb,YES,December,Tuesday,5,YES,NO,Business,North America,USA
288,YES,YES,YES,2,Hilton Grand Vacations on the Boulevard,3,10,3,4,1228,Dec-Feb,YES,January,Sunday,5,YES,NO,Couples,North America,USA
289,YES,YES,YES,48,Hilton Grand Vacations on the Boulevard,3,10,39,50,1228,Dec-Feb,YES,January,Sunday,2,YES,NO,Families,North America,USA
290,YES,YES,YES,1,Hilton Grand Vacations on the Boulevard,3,10,3,10,1228,Dec-Feb,YES,January,Sunday,5,YES,NO,Business,North America,Mexico
291,YES,YES,YES,4,Hilton Grand Vacations on the Boulevard,3,10,4,7,1228,Dec-Feb,YES,January,Sunday,5,YES,NO,Couples,North America,Canada
292,YES,YES,YES,42,Hilton Grand Vacations on the Boulevard,3,1,7,60,1228,Mar-May,YES,April,Sunday,5,YES,NO,Couples,Europe,UK
293,YES,YES,YES,18,Hilton Grand Vacations on the Boulevard,3,10,49,92,1228,Mar-May,YES,April,Sunday,4,YES,NO,Couples,Europe,Netherlands
294,YES,YES,YES,58,Hilton Grand Vacations on the Boulevard,3,1,37,106,1228,Mar-May,YES,April,Sunday,4,YES,NO,Business,Oceania,Australia
295,YES,YES,YES,45,Hilton Grand Vacations on the Boulevard,3,10,5,7,1228,Mar-May,YES,April,Sunday,4,YES,NO,Families,North America,Canada
296,YES,YES,YES,38,Hilton Grand Vacations on the Boulevard,3,1,31,37,1228,Mar-May,YES,April,Sunday,5,YES,NO,Families,South America,Brazil
297,YES,YES,YES,19,Hilton Grand Vacations on the Boulevard,3,1,25,70,1228,Mar-May,YES,April,Sunday,1,YES,NO,Couples,North America,USA
298,YES,YES,YES,4,Hilton Grand Vacations on the Boulevard,3,10,3,9,1228,Jun-Aug,YES,July,Sunday,5,YES,NO,Friends,North America,USA
299,YES,YES,YES,7,Hilton Grand Vacations on the Boulevard,3,10,6,11,1228,Jun-Aug,YES,July,Sunday,5,YES,NO,Solo,North America,USA
300,YES,YES,YES,9,Hilton Grand Vacations on the Boulevard,3,10,18,39,1228,Jun-Aug,YES,July,Sunday,4,YES,NO,Families,Europe,Finland
301,YES,YES,YES,9,Hilton Grand Vacations on the Boulevard,3,10,0,10,1228,Jun-Aug,YES,July,Sunday,5,YES,NO,Families,Europe,UK
302,YES,YES,YES,24,Hilton Grand Vacations on the Boulevard,3,10,17,78,1228,Jun-Aug,YES,July,Sunday,4,YES,NO,Couples,North America,USA
303,YES,YES,YES,19,Hilton Grand Vacations on the Boulevard,3,10,21,48,1228,Jun-Aug,YES,July,Sunday,5,YES,NO,Families,Europe,UK
304,YES,YES,YES,41,Hilton Grand Vacations on the Boulevard,3,1,34,112,1228,Sep-Nov,YES,October,Sunday,5,YES,NO,Families,North America,Canada
305,YES,YES,YES,14,Hilton Grand Vacations on the Boulevard,3,1,17,28,1228,Sep-Nov,YES,October,Sunday,5,YES,NO,Solo,North America,USA
306,YES,YES,YES,16,Hilton Grand Vacations on the Boulevard,3,10,3,11,1228,Sep-Nov,YES,October,Sunday,2,YES,NO,Couples,Europe,UK
307,YES,YES,YES,11,Hilton Grand Vacations on the Boulevard,3,10,5,9,1228,Sep-Nov,YES,October,Sunday,4,YES,NO,Business,North America,USA
308,YES,YES,YES,1,Hilton Grand Vacations on the Boulevard,3,1,4,4,1228,Sep-Nov,YES,October,Sunday,3,YES,NO,Families,North America,USA
309,YES,YES,YES,25,Hilton Grand Vacations on the Boulevard,3,10,15,22,1228,Sep-Nov,YES,October,Sunday,4,YES,NO,Families,North America,Mexico
310,YES,YES,YES,36,Hilton Grand Vacations on the Boulevard,3,10,11,42,1228,Dec-Feb,YES,January,Sunday,5,YES,NO,Couples,North America,USA
311,YES,YES,YES,9,Hilton Grand Vacations on the Boulevard,3,1,16,20,1228,Dec-Feb,YES,January,Sunday,4,YES,NO,Couples,Oceania,Australia
312,YES,YES,YES,88,Marriott's Grand Chateau,3,10,34,160,643,Dec-Feb,YES,January,Sunday,4,NO,NO,Business,North America,Canada
313,YES,YES,YES,169,Marriott's Grand Chateau,3,1,78,372,643,Dec-Feb,YES,January,Sunday,4,NO,NO,Business,North America,USA
314,YES,YES,YES,36,Marriott's Grand Chateau,3,10,18,84,643,Dec-Feb,YES,January,Sunday,5,NO,NO,Families,North America,USA
315,YES,YES,YES,20,Marriott's Grand Chateau,3,1,13,21,643,Dec-Feb,YES,January,Sunday,5,NO,NO,Business,North America,USA
316,YES,YES,YES,55,Marriott's Grand Chateau,3,10,37,95,643,Mar-May,YES,April,Sunday,4,NO,NO,Friends,Europe,UK
317,YES,YES,YES,131,Marriott's Grand Chateau,3,1,107,118,643,Mar-May,YES,April,Sunday,5,NO,NO,Business,Europe,Germany
318,YES,YES,YES,8,Marriott's Grand Chateau,3,10,0,6,643,Mar-May,YES,April,Sunday,5,NO,NO,Couples,North America,Canada
319,YES,YES,YES,31,Marriott's Grand Chateau,3,10,4,60,643,Mar-May,YES,April,Sunday,4,NO,NO,Couples,North America,USA
320,YES,YES,YES,339,Marriott's Grand Chateau,3,10,79,275,643,Mar-May,YES,April,Sunday,4,NO,NO,Couples,Oceania,Australia
321,YES,YES,YES,42,Marriott's Grand Chateau,3,10,39,46,643,Mar-May,YES,April,Sunday,4,NO,NO,Business,North America,Canada
322,YES,YES,YES,6,Marriott's Grand Chateau,3,1,5,6,643,Jun-Aug,YES,July,Sunday,5,NO,NO,Families,North America,USA
323,YES,YES,YES,5,Marriott's Grand Chateau,3,1,0,11,643,Jun-Aug,YES,July,Sunday,5,NO,NO,Families,Oceania,Australia
324,YES,YES,YES,48,Marriott's Grand Chateau,3,1,37,75,643,Jun-Aug,YES,July,Sunday,5,NO,NO,Couples,North America,USA
325,YES,YES,YES,115,Marriott's Grand Chateau,3,1,76,240,643,Jun-Aug,YES,July,Sunday,5,NO,NO,Couples,Europe,Denmark
326,YES,YES,YES,7,Marriott's Grand Chateau,3,1,12,20,643,Jun-Aug,YES,July,Sunday,5,NO,NO,Families,Asia,Taiwan
327,YES,YES,YES,25,Marriott's Grand Chateau,3,10,40,62,643,Jun-Aug,YES,July,Sunday,5,NO,NO,Families,Asia,Israel
328,YES,YES,YES,58,Marriott's Grand Chateau,3,10,19,88,643,Sep-Nov,YES,October,Sunday,5,NO,NO,Friends,North America,Hawaii
329,YES,YES,YES,5,Marriott's Grand Chateau,3,10,3,6,643,Sep-Nov,YES,October,Sunday,5,NO,NO,Friends,North America,USA
330,YES,YES,YES,8,Marriott's Grand Chateau,3,1,9,18,643,Sep-Nov,YES,October,Sunday,3,NO,NO,Business,Asia,Thailand
331,YES,YES,YES,78,Marriott's Grand Chateau,3,1,43,159,643,Sep-Nov,YES,October,Sunday,5,NO,NO,Families,North America,Mexico
332,YES,YES,YES,20,Marriott's Grand Chateau,3,10,23,47,643,Sep-Nov,YES,October,Sunday,4,NO,NO,Couples,Asia,Kuwait
333,YES,YES,YES,46,Marriott's Grand Chateau,3,1,12,86,643,Sep-Nov,YES,October,Sunday,4,NO,NO,Couples,Europe,Norway
334,YES,YES,YES,13,Marriott's Grand Chateau,3,10,9,42,643,Dec-Feb,YES,January,Sunday,5,NO,NO,Couples,North America,USA
335,YES,YES,YES,23,Marriott's Grand Chateau,3,1,33,64,643,Dec-Feb,YES,January,Sunday,4,NO,NO,Families,Europe,Germany
336,YES,YES,YES,119,Tuscany Las Vegas Suites & Casino,3,8,71,167,716,Dec-Feb,YES,January,Saturday,5,YES,YES,Couples,North America,USA
337,YES,YES,YES,12,Tuscany Las Vegas Suites & Casino,3,8,5,25,716,Dec-Feb,YES,January,Thursday,5,YES,YES,Friends,North America,USA
338,YES,YES,YES,6,Tuscany Las Vegas Suites & Casino,3,4,12,12,716,Dec-Feb,YES,February,Friday,3,YES,YES,Business,Europe,UK
339,YES,YES,YES,319,Tuscany Las Vegas Suites & Casino,3,5,117,608,716,Dec-Feb,YES,February,Saturday,5,YES,YES,Business,North America,USA
340,YES,YES,YES,3,Tuscany Las Vegas Suites & Casino,3,8,4,5,716,Mar-May,YES,March,Sunday,5,YES,YES,Friends,North America,USA
341,YES,YES,YES,34,Tuscany Las Vegas Suites & Casino,3,7,17,26,716,Mar-May,YES,March,Thursday,5,YES,YES,Couples,North America,USA
342,YES,YES,YES,9,Tuscany Las Vegas Suites & Casino,3,7,5,11,716,Mar-May,YES,April,Monday,5,YES,YES,Couples,South America,Brazil
343,YES,YES,YES,13,Tuscany Las Vegas Suites & Casino,3,3,10,39,716,Mar-May,YES,April,Wednesday,4,YES,YES,Couples,North America,USA
344,YES,YES,YES,3,Tuscany Las Vegas Suites & Casino,3,10,0,1,716,Mar-May,YES,May,Thursday,2,YES,YES,Families,Asia,India
345,YES,YES,YES,22,Tuscany Las Vegas Suites & Casino,3,5,20,108,716,Mar-May,YES,May,Thursday,3,YES,YES,Business,North America,USA
346,YES,YES,YES,46,Tuscany Las Vegas Suites & Casino,3,1,20,119,716,Jun-Aug,YES,June,Sunday,5,YES,YES,Friends,Asia,Malaysia
347,YES,YES,YES,17,Tuscany Las Vegas Suites & Casino,3,6,15,27,716,Jun-Aug,YES,June,Tuesday,3,YES,YES,Couples,North America,USA
348,YES,YES,YES,134,Tuscany Las Vegas Suites & Casino,3,5,55,55,716,Jun-Aug,YES,July,Wednesday,5,YES,YES,Couples,Europe,Germany
349,YES,YES,YES,7,Tuscany Las Vegas Suites & Casino,3,3,3,7,716,Jun-Aug,YES,July,Friday,4,YES,YES,Business,North America,Canada
350,YES,YES,YES,2,Tuscany Las Vegas Suites & Casino,3,1,3,3,716,Jun-Aug,YES,August,Wednesday,3,YES,YES,Business,North America,Canada
351,YES,YES,YES,19,Tuscany Las Vegas Suites & Casino,3,6,3,11,716,Jun-Aug,YES,August,Monday,4,YES,YES,Couples,North America,USA
352,YES,YES,YES,16,Tuscany Las Vegas Suites & Casino,3,5,15,27,716,Sep-Nov,YES,September,Sunday,5,YES,YES,Couples,Oceania,Australia
353,YES,YES,YES,6,Tuscany Las Vegas Suites & Casino,3,10,4,13,716,Sep-Nov,YES,September,Wednesday,5,YES,YES,Couples,North America,USA
354,YES,YES,YES,14,Tuscany Las Vegas Suites & Casino,3,5,11,19,716,Sep-Nov,YES,October,Sunday,3,YES,YES,Couples,Europe,UK
355,YES,YES,YES,17,Tuscany Las Vegas Suites & Casino,3,7,12,38,716,Sep-Nov,YES,October,Friday,5,YES,YES,Business,North America,Canada
356,YES,YES,YES,119,Tuscany Las Vegas Suites & Casino,3,8,71,167,716,Sep-Nov,YES,November,Sunday,4,YES,YES,Couples,North America,USA
357,YES,YES,YES,9,Tuscany Las Vegas Suites & Casino,3,3,6,28,716,Sep-Nov,YES,November,Tuesday,3,YES,YES,Business,North America,USA
358,YES,YES,YES,5,Tuscany Las Vegas Suites & Casino,3,4,8,9,716,Dec-Feb,YES,December,Sunday,5,YES,YES,Families,North America,Canada
359,YES,YES,YES,4,Tuscany Las Vegas Suites & Casino,3,5,4,13,716,Dec-Feb,YES,December,Tuesday,5,YES,YES,Friends,North America,USA
360,NO,YES,YES,72,Hilton Grand Vacations at the Flamingo,3,6,24,65,315,Dec-Feb,YES,January,Monday,3,NO,NO,Business,North America,USA
361,NO,YES,YES,3,Hilton Grand Vacations at the Flamingo,3,3,3,8,315,Dec-Feb,YES,January,Thursday,5,NO,NO,Couples,North America,USA
362,NO,YES,YES,26,Hilton Grand Vacations at the Flamingo,3,4,13,61,315,Dec-Feb,YES,February,Sunday,2,NO,NO,Couples,Europe,UK
363,NO,YES,YES,8,Hilton Grand Vacations at the Flamingo,3,1,3,3,315,Dec-Feb,YES,February,Saturday,2,NO,NO,Families,North America,USA
364,NO,YES,YES,21,Hilton Grand Vacations at the Flamingo,3,9,13,66,315,Mar-May,YES,March,Friday,5,NO,NO,Friends,North America,USA
365,NO,YES,YES,4,Hilton Grand Vacations at the Flamingo,3,2,7,9,315,Mar-May,YES,March,Tuesday,5,NO,NO,Couples,North America,Hawaii
366,NO,YES,YES,61,Hilton Grand Vacations at the Flamingo,3,1,14,82,315,Mar-May,YES,April,Wednesday,3,NO,NO,Families,North America,Hawaii
367,NO,YES,YES,33,Hilton Grand Vacations at the Flamingo,3,4,48,113,315,Mar-May,YES,April,Sunday,3,NO,NO,Families,North America,Canada
368,NO,YES,YES,12,Hilton Grand Vacations at the Flamingo,3,6,8,11,315,Mar-May,YES,May,Sunday,3,NO,NO,Friends,North America,USA
369,NO,YES,YES,1,Hilton Grand Vacations at the Flamingo,3,3,1,2,315,Mar-May,YES,May,Tuesday,3,NO,NO,Families,North America,Canada
370,NO,YES,YES,24,Hilton Grand Vacations at the Flamingo,3,2,11,31,315,Jun-Aug,YES,June,Wednesday,5,NO,NO,Couples,North America,USA
371,NO,YES,YES,22,Hilton Grand Vacations at the Flamingo,3,5,12,32,315,Jun-Aug,YES,June,Wednesday,4,NO,NO,Couples,Oceania,Australia
372,NO,YES,YES,25,Hilton Grand Vacations at the Flamingo,3,7,7,56,315,Jun-Aug,YES,July,Sunday,3,NO,NO,Families,North America,USA
373,NO,YES,YES,22,Hilton Grand Vacations at the Flamingo,3,3,6,45,315,Jun-Aug,YES,July,Thursday,5,NO,NO,Couples,North America,Canada
374,NO,YES,YES,4,Hilton Grand Vacations at the Flamingo,3,10,4,17,315,Jun-Aug,YES,August,Sunday,4,NO,NO,Families,North America,USA
375,NO,YES,YES,11,Hilton Grand Vacations at the Flamingo,3,1,23,23,315,Jun-Aug,YES,August,Sunday,5,NO,NO,Families,North America,USA
376,NO,YES,YES,24,Hilton Grand Vacations at the Flamingo,3,4,18,56,315,Sep-Nov,YES,September,Saturday,5,NO,NO,Friends,North America,Canada
377,NO,YES,YES,300,Hilton Grand Vacations at the Flamingo,3,10,263,290,315,Sep-Nov,YES,September,Saturday,4,NO,NO,Business,North America,USA
378,NO,YES,YES,9,Hilton Grand Vacations at the Flamingo,3,10,7,26,315,Sep-Nov,YES,October,Friday,4,NO,NO,Families,Oceania,Australia
379,NO,YES,YES,53,Hilton Grand Vacations at the Flamingo,3,5,44,116,315,Sep-Nov,YES,October,Saturday,4,NO,NO,Couples,Asia,India
380,NO,YES,YES,15,Hilton Grand Vacations at the Flamingo,3,5,5,14,315,Sep-Nov,YES,November,Thursday,4,NO,NO,Business,Europe,Czech Republic
381,NO,YES,YES,1,Hilton Grand Vacations at the Flamingo,3,4,7,13,315,Sep-Nov,YES,November,Sunday,5,NO,NO,Business,North America,USA
382,NO,YES,YES,25,Hilton Grand Vacations at the Flamingo,3,8,9,20,315,Dec-Feb,YES,December,Tuesday,4,NO,NO,Couples,North America,USA
383,NO,YES,YES,3,Hilton Grand Vacations at the Flamingo,3,2,3,3,315,Dec-Feb,YES,December,Wednesday,5,NO,NO,Families,North America,Mexico
384,NO,YES,YES,12,Wyndham Grand Desert,3,1,3,17,787,Dec-Feb,YES,January,Sunday,4,NO,YES,Friends,North America,USA
385,NO,YES,YES,13,Wyndham Grand Desert,3,10,11,21,787,Dec-Feb,YES,January,Sunday,5,NO,YES,Families,Oceania,Australia
386,NO,YES,YES,33,Wyndham Grand Desert,3,10,11,60,787,Dec-Feb,YES,January,Sunday,5,NO,YES,Couples,North America,USA
387,NO,YES,YES,15,Wyndham Grand Desert,3,10,4,12,787,Dec-Feb,YES,January,Sunday,5,NO,YES,Couples,North America,Canada
388,NO,YES,YES,51,Wyndham Grand Desert,3,1,12,27,787,Mar-May,YES,April,Sunday,5,NO,YES,Friends,North America,USA
389,NO,YES,YES,35,Wyndham Grand Desert,3,1,12,34,787,Mar-May,YES,April,Sunday,4,NO,YES,Couples,North America,USA
390,NO,YES,YES,38,Wyndham Grand Desert,3,10,22,69,787,Mar-May,YES,April,Sunday,5,NO,YES,Families,North America,Canada
391,NO,YES,YES,7,Wyndham Grand Desert,3,1,4,16,787,Mar-May,YES,April,Sunday,5,NO,YES,Couples,North America,USA
392,NO,YES,YES,5,Wyndham Grand Desert,3,10,5,26,787,Mar-May,YES,April,Sunday,4,NO,YES,Families,Oceania,Australia
393,NO,YES,YES,15,Wyndham Grand Desert,3,10,10,54,787,Mar-May,YES,April,Sunday,4,NO,YES,Business,North America,USA
394,NO,YES,YES,27,Wyndham Grand Desert,3,10,17,35,787,Jun-Aug,YES,July,Sunday,5,NO,YES,Couples,Europe,UK
395,NO,YES,YES,7,Wyndham Grand Desert,3,1,12,23,787,Jun-Aug,YES,July,Sunday,5,NO,YES,Families,Asia,India
396,NO,YES,YES,14,Wyndham Grand Desert,3,10,3,6,787,Jun-Aug,YES,July,Sunday,5,NO,YES,Families,Europe,UK
397,NO,YES,YES,16,Wyndham Grand Desert,3,10,8,27,787,Jun-Aug,YES,July,Sunday,4,NO,YES,Friends,North America,USA
398,NO,YES,YES,14,Wyndham Grand Desert,3,1,8,41,787,Jun-Aug,YES,July,Sunday,3,NO,YES,Families,North America,USA
399,NO,YES,YES,6,Wyndham Grand Desert,3,10,4,12,787,Jun-Aug,YES,July,Sunday,5,NO,YES,Couples,North America,Canada
400,NO,YES,YES,14,Wyndham Grand Desert,3,10,3,14,787,Sep-Nov,YES,October,Sunday,5,NO,YES,Friends,North America,USA
401,NO,YES,YES,265,Wyndham Grand Desert,3,1,162,415,787,Sep-Nov,YES,October,Sunday,4,NO,YES,Business,North America,USA
402,NO,YES,YES,32,Wyndham Grand Desert,3,10,27,76,787,Sep-Nov,YES,October,Sunday,3,NO,YES,Couples,Europe,Ireland
403,NO,YES,YES,30,Wyndham Grand Desert,3,10,12,24,787,Sep-Nov,YES,October,Sunday,4,NO,YES,Couples,Europe,UK
404,NO,YES,YES,23,Wyndham Grand Desert,3,1,9,23,787,Sep-Nov,YES,October,Sunday,3,NO,YES,Families,Asia,Japan
405,NO,YES,YES,47,Wyndham Grand Desert,3,10,24,182,787,Sep-Nov,YES,October,Sunday,4,NO,YES,Families,North America,USA
406,NO,YES,YES,133,Wyndham Grand Desert,3,10,28,289,787,Dec-Feb,YES,January,Sunday,4,NO,YES,Families,North America,USA
407,NO,YES,YES,46,Wyndham Grand Desert,3,1,35,101,787,Dec-Feb,YES,January,Sunday,5,NO,YES,Friends,North America,Canada
408,YES,YES,YES,20,The Venetian Las Vegas Hotel,5,2,11,31,4027,Dec-Feb,YES,January,Friday,4,YES,NO,Business,Europe,Ireland
409,YES,YES,YES,9,The Venetian Las Vegas Hotel,5,10,6,20,4027,Dec-Feb,YES,January,Wednesday,5,YES,NO,Solo,North America,USA
410,YES,YES,YES,15,The Venetian Las Vegas Hotel,5,5,16,60,4027,Dec-Feb,YES,February,Saturday,4,YES,NO,Families,North America,USA
411,YES,YES,YES,2,The Venetian Las Vegas Hotel,5,10,0,1,4027,Dec-Feb,YES,February,Sunday,5,YES,NO,Couples,North America,Mexico
412,YES,YES,YES,13,The Venetian Las Vegas Hotel,5,2,3,9,4027,Mar-May,YES,March,Thursday,3,YES,NO,Couples,North America,USA
413,YES,YES,YES,5,The Venetian Las Vegas Hotel,5,5,7,19,4027,Mar-May,YES,March,Wednesday,5,YES,NO,Couples,North America,USA
414,YES,YES,YES,206,The Venetian Las Vegas Hotel,5,9,78,116,4027,Mar-May,YES,April,Sunday,5,YES,NO,Couples,Asia,Israel
415,YES,YES,YES,26,The Venetian Las Vegas Hotel,5,2,13,22,4027,Mar-May,YES,April,Friday,4,YES,NO,Couples,Oceania,Australia
416,YES,YES,YES,26,The Venetian Las Vegas Hotel,5,1,10,83,4027,Mar-May,YES,May,Tuesday,4,YES,NO,Families,Oceania,Australia
417,YES,YES,YES,9,The Venetian Las Vegas Hotel,5,1,3,20,4027,Mar-May,YES,May,Monday,5,YES,NO,Couples,Europe,UK
418,YES,YES,YES,6,The Venetian Las Vegas Hotel,5,1,5,7,4027,Jun-Aug,YES,June,Monday,5,YES,NO,Couples,North America,USA
419,YES,YES,YES,46,The Venetian Las Vegas Hotel,5,6,34,95,4027,Jun-Aug,YES,June,Sunday,5,YES,NO,Business,North America,USA
420,YES,YES,YES,19,The Venetian Las Vegas Hotel,5,4,6,15,4027,Jun-Aug,YES,July,Wednesday,4,YES,NO,Couples,Oceania,Australia
421,YES,YES,YES,12,The Venetian Las Vegas Hotel,5,5,7,13,4027,Jun-Aug,YES,July,Sunday,4,YES,NO,Couples,Europe,UK
422,YES,YES,YES,24,The Venetian Las Vegas Hotel,5,10,8,19,4027,Jun-Aug,YES,August,Wednesday,5,YES,NO,Families,North America,Canada
423,YES,YES,YES,15,The Venetian Las Vegas Hotel,5,3,6,21,4027,Jun-Aug,YES,August,Saturday,5,YES,NO,Couples,Europe,UK
424,YES,YES,YES,14,The Venetian Las Vegas Hotel,5,5,11,56,4027,Sep-Nov,YES,September,Friday,5,YES,NO,Couples,Europe,UK
425,YES,YES,YES,15,The Venetian Las Vegas Hotel,5,7,7,29,4027,Sep-Nov,YES,September,Thursday,5,YES,NO,Couples,Europe,UK
426,YES,YES,YES,8,The Venetian Las Vegas Hotel,5,2,0,20,4027,Sep-Nov,YES,October,Friday,5,YES,NO,Couples,South America,Brazil
427,YES,YES,YES,31,The Venetian Las Vegas Hotel,5,8,20,39,4027,Sep-Nov,YES,October,Thursday,4,YES,NO,Couples,Europe,UK
428,YES,YES,YES,3,The Venetian Las Vegas Hotel,5,5,6,9,4027,Sep-Nov,YES,November,Saturday,5,YES,NO,Friends,Europe,Switzerland
429,YES,YES,YES,29,The Venetian Las Vegas Hotel,5,4,38,43,4027,Sep-Nov,YES,November,Saturday,5,YES,NO,Couples,Oceania,Australia
430,YES,YES,YES,11,The Venetian Las Vegas Hotel,5,9,10,16,4027,Dec-Feb,YES,December,Thursday,5,YES,NO,Families,Asia,Singapore
431,YES,YES,YES,12,The Venetian Las Vegas Hotel,5,10,6,6,4027,Dec-Feb,YES,December,Wednesday,4,YES,NO,Couples,North America,USA
432,YES,YES,YES,3,Bellagio Las Vegas,5,3,6,16,3933,Dec-Feb,YES,January,Saturday,4,YES,NO,Solo,Oceania,Australia
433,YES,YES,YES,13,Bellagio Las Vegas,5,5,3,15,3933,Dec-Feb,YES,January,Thursday,5,YES,NO,Families,North America,USA
434,YES,YES,YES,26,Bellagio Las Vegas,5,3,6,30,3933,Dec-Feb,YES,February,Tuesday,4,YES,NO,Couples,North America,USA
435,YES,YES,YES,111,Bellagio Las Vegas,5,1,9,41,3933,Dec-Feb,YES,February,Friday,5,YES,NO,Business,North America,USA
436,YES,YES,YES,53,Bellagio Las Vegas,5,6,35,44,3933,Mar-May,YES,March,Tuesday,5,YES,NO,Couples,Asia,India
437,YES,YES,YES,17,Bellagio Las Vegas,5,10,9,30,3933,Mar-May,YES,March,Tuesday,2,YES,NO,Business,North America,USA
438,YES,YES,YES,18,Bellagio Las Vegas,5,4,10,23,3933,Mar-May,YES,April,Monday,5,YES,NO,Business,Europe,Ireland
439,YES,YES,YES,8,Bellagio Las Vegas,5,3,0,3,3933,Mar-May,YES,April,Tuesday,2,YES,NO,Families,Europe,Spain
440,YES,YES,YES,16,Bellagio Las Vegas,5,3,6,12,3933,Mar-May,YES,May,Friday,3,YES,NO,Friends,Europe,UK
441,YES,YES,YES,17,Bellagio Las Vegas,5,1,6,15,3933,Mar-May,YES,May,Thursday,5,YES,NO,Couples,Europe,UK
442,YES,YES,YES,5,Bellagio Las Vegas,5,1,0,5,3933,Jun-Aug,YES,June,Wednesday,5,YES,NO,Families,Europe,UK
443,YES,YES,YES,11,Bellagio Las Vegas,5,6,5,32,3933,Jun-Aug,YES,June,Sunday,4,YES,NO,Business,North America,USA
444,YES,YES,YES,23,Bellagio Las Vegas,5,5,5,28,3933,Jun-Aug,YES,July,Friday,5,YES,NO,Couples,North America,USA
445,YES,YES,YES,48,Bellagio Las Vegas,5,10,18,77,3933,Jun-Aug,YES,July,Saturday,4,YES,NO,Families,Asia,Korea
446,YES,YES,YES,2,Bellagio Las Vegas,5,10,8,11,3933,Jun-Aug,YES,August,Monday,4,YES,NO,Solo,North America,USA
447,YES,YES,YES,37,Bellagio Las Vegas,5,6,25,102,3933,Jun-Aug,YES,August,Sunday,5,YES,NO,Families,Europe,Scotland
448,YES,YES,YES,2,Bellagio Las Vegas,5,6,3,13,3933,Sep-Nov,YES,September,Tuesday,5,YES,NO,Couples,Europe,Ireland
449,YES,YES,YES,31,Bellagio Las Vegas,5,2,13,62,3933,Sep-Nov,YES,September,Tuesday,4,YES,NO,Business,North America,USA
450,YES,YES,YES,42,Bellagio Las Vegas,5,5,22,26,3933,Sep-Nov,YES,October,Sunday,5,YES,NO,Couples,Europe,UK
451,YES,YES,YES,12,Bellagio Las Vegas,5,1,6,13,3933,Sep-Nov,YES,October,Saturday,4,YES,NO,Couples,Europe,UK
452,YES,YES,YES,43,Bellagio Las Vegas,5,4,18,26,3933,Sep-Nov,YES,November,Monday,5,YES,NO,Friends,Europe,UK
453,YES,YES,YES,39,Bellagio Las Vegas,5,3,10,17,3933,Sep-Nov,YES,November,Saturday,5,YES,NO,Friends,North America,Canada
454,YES,YES,YES,1,Bellagio Las Vegas,5,1,4,4,3933,Dec-Feb,YES,December,Monday,4,YES,NO,Business,Asia,India
455,YES,YES,YES,19,Bellagio Las Vegas,5,4,18,20,3933,Dec-Feb,YES,December,Friday,2,YES,NO,Families,Asia,Malaysia
456,YES,YES,YES,7,Paris Las Vegas,4,7,3,14,2916,Dec-Feb,YES,January,Saturday,4,YES,NO,Couples,North America,USA
457,YES,YES,YES,12,Paris Las Vegas,4,1,3,19,2916,Dec-Feb,YES,January,Wednesday,5,YES,NO,Couples,North America,Canada
458,YES,YES,YES,2,Paris Las Vegas,4,1,4,4,2916,Dec-Feb,YES,February,Wednesday,2,YES,NO,Couples,North America,USA
459,YES,YES,YES,43,Paris Las Vegas,4,4,12,116,2916,Dec-Feb,YES,February,Tuesday,4,YES,NO,Friends,North America,USA
460,YES,YES,YES,59,Paris Las Vegas,4,9,13,121,2916,Mar-May,YES,March,Tuesday,2,YES,NO,Couples,North America,USA
461,YES,YES,YES,6,Paris Las Vegas,4,2,7,14,2916,Mar-May,YES,March,Friday,5,YES,NO,Couples,North America,USA
462,YES,YES,YES,54,Paris Las Vegas,4,9,16,56,2916,Mar-May,YES,April,Tuesday,4,YES,NO,Business,North America,USA
463,YES,YES,YES,39,Paris Las Vegas,4,3,4,73,2916,Mar-May,YES,April,Monday,3,YES,NO,Friends,North America,Canada
464,YES,YES,YES,4,Paris Las Vegas,4,6,5,9,2916,Mar-May,YES,May,Thursday,5,YES,NO,Friends,North America,USA
465,YES,YES,YES,51,Paris Las Vegas,4,5,42,137,2916,Mar-May,YES,May,Sunday,3,YES,NO,Couples,North America,USA
466,YES,YES,YES,38,Paris Las Vegas,4,4,12,30,2916,Jun-Aug,YES,June,Saturday,5,YES,NO,Couples,Oceania,Australia
467,YES,YES,YES,49,Paris Las Vegas,4,6,19,130,2916,Jun-Aug,YES,June,Sunday,3,YES,NO,Couples,North America,Costa Rica
468,YES,YES,YES,23,Paris Las Vegas,4,3,15,50,2916,Jun-Aug,YES,July,Friday,4,YES,NO,Couples,North America,USA
469,YES,YES,YES,11,Paris Las Vegas,4,3,9,22,2916,Jun-Aug,YES,July,Wednesday,4,YES,NO,Families,Europe,UK
470,YES,YES,YES,65,Paris Las Vegas,4,4,37,85,2916,Jun-Aug,YES,August,Friday,5,YES,NO,Families,Africa,Egypt
471,YES,YES,YES,26,Paris Las Vegas,4,3,7,73,2916,Jun-Aug,YES,August,Thursday,5,YES,NO,Couples,North America,USA
472,YES,YES,YES,27,Paris Las Vegas,4,2,10,20,2916,Sep-Nov,YES,September,Thursday,4,YES,NO,Couples,North America,USA
473,YES,YES,YES,13,Paris Las Vegas,4,2,6,13,2916,Sep-Nov,YES,September,Tuesday,5,YES,NO,Couples,North America,Canada
474,YES,YES,YES,10,Paris Las Vegas,4,2,3,18,2916,Sep-Nov,YES,October,Monday,2,YES,NO,Couples,North America,Canada
475,YES,YES,YES,6,Paris Las Vegas,4,1,4,6,2916,Sep-Nov,YES,October,Saturday,5,YES,NO,Couples,North America,USA
476,YES,YES,YES,25,Paris Las Vegas,4,6,8,48,2916,Sep-Nov,YES,November,Monday,4,YES,NO,Couples,North America,USA
477,YES,YES,YES,5,Paris Las Vegas,4,10,3,24,2916,Sep-Nov,YES,November,Sunday,5,YES,NO,Couples,North America,USA
478,YES,YES,YES,63,Paris Las Vegas,4,4,26,123,2916,Dec-Feb,YES,December,Saturday,5,YES,NO,Couples,North America,Canada
479,YES,YES,YES,6,Paris Las Vegas,4,1,7,24,2916,Dec-Feb,YES,December,Thursday,4,YES,NO,Friends,North America,USA
480,YES,YES,YES,17,The Westin las Vegas Hotel Casino & Spa,4,4,13,20,826,Dec-Feb,YES,January,Monday,4,YES,NO,Couples,North America,Canada
481,YES,YES,YES,4,The Westin las Vegas Hotel Casino & Spa,4,7,3,15,826,Dec-Feb,YES,January,Tuesday,3,YES,NO,Families,North America,USA
482,YES,YES,YES,129,The Westin las Vegas Hotel Casino & Spa,4,3,72,189,826,Dec-Feb,YES,February,Friday,4,YES,NO,Solo,Europe,Italy
483,YES,YES,YES,27,The Westin las Vegas Hotel Casino & Spa,4,8,19,25,826,Dec-Feb,YES,February,Monday,3,YES,NO,Couples,North America,USA
484,YES,YES,YES,12,The Westin las Vegas Hotel Casino & Spa,4,4,11,33,826,Mar-May,YES,March,Wednesday,5,YES,NO,Business,North America,USA
485,YES,YES,YES,13,The Westin las Vegas Hotel Casino & Spa,4,4,7,14,826,Mar-May,YES,March,Thursday,5,YES,NO,Friends,North America,USA
486,YES,YES,YES,47,The Westin las Vegas Hotel Casino & Spa,4,4,22,38,826,Mar-May,YES,April,Monday,4,YES,NO,Business,North America,USA
487,YES,YES,YES,85,The Westin las Vegas Hotel Casino & Spa,4,12,43,169,826,Mar-May,YES,April,Sunday,4,YES,NO,Solo,Africa,Egypt
488,YES,YES,YES,21,The Westin las Vegas Hotel Casino & Spa,4,4,17,20,826,Mar-May,YES,May,Sunday,3,YES,NO,Friends,North America,USA
489,YES,YES,YES,18,The Westin las Vegas Hotel Casino & Spa,4,3,10,17,826,Mar-May,YES,May,Tuesday,4,YES,NO,Couples,North America,USA
490,YES,YES,YES,161,The Westin las Vegas Hotel Casino & Spa,4,11,47,96,826,Jun-Aug,YES,June,Monday,4,YES,NO,Solo,North America,USA
491,YES,YES,YES,11,The Westin las Vegas Hotel Casino & Spa,4,5,13,38,826,Jun-Aug,YES,June,Sunday,3,YES,NO,Business,North America,USA
492,YES,YES,YES,9,The Westin las Vegas Hotel Casino & Spa,4,6,11,12,826,Jun-Aug,YES,July,Monday,4,YES,NO,Families,Asia,India
493,YES,YES,YES,1,The Westin las Vegas Hotel Casino & Spa,4,6,8,9,826,Jun-Aug,YES,July,Monday,5,YES,NO,Couples,North America,USA
494,YES,YES,YES,22,The Westin las Vegas Hotel Casino & Spa,4,7,21,23,826,Jun-Aug,YES,August,Wednesday,3,YES,NO,Families,North America,USA
495,YES,YES,YES,3,The Westin las Vegas Hotel Casino & Spa,4,5,6,21,826,Jun-Aug,YES,August,Tuesday,4,YES,NO,Couples,North America,USA
496,YES,YES,YES,19,The Westin las Vegas Hotel Casino & Spa,4,6,27,30,826,Sep-Nov,YES,September,Friday,5,YES,NO,Solo,North America,USA
497,YES,YES,YES,59,The Westin las Vegas Hotel Casino & Spa,4,11,16,63,826,Sep-Nov,YES,September,Wednesday,3,YES,NO,Couples,North America,USA
498,YES,YES,YES,25,The Westin las Vegas Hotel Casino & Spa,4,1,3,35,826,Sep-Nov,YES,October,Monday,5,YES,NO,Couples,Europe,UK
499,YES,YES,YES,8,The Westin las Vegas Hotel Casino & Spa,4,1,4,15,826,Sep-Nov,YES,October,Sunday,5,YES,NO,Couples,Europe,UK
500,YES,YES,YES,29,The Westin las Vegas Hotel Casino & Spa,4,8,13,50,826,Sep-Nov,YES,November,Thursday,4,YES,NO,Couples,North America,Canada
501,YES,YES,YES,31,The Westin las Vegas Hotel Casino & Spa,4,4,23,154,826,Sep-Nov,YES,November,Thursday,4,YES,NO,Friends,North America,USA
502,YES,YES,YES,5,The Westin las Vegas Hotel Casino & Spa,4,9,6,9,826,Dec-Feb,YES,December,Wednesday,2,YES,NO,Families,North America,USA
503,YES,YES,YES,112,The Westin las Vegas Hotel Casino & Spa,4,5,19,20,826,Dec-Feb,YES,December,Tuesday,4,YES,NO,Families,North America,USA
